,NBAC_nfireid,WFS event,T2_area,dice_coefficient,Relative Percent Difference,NFDB_fireid
0,658.0,144,11254629.472423494,0.6872402309811739,56.43693529264658,
1,674.0,155,1532879.240145773,0.2559937356595395,14.56672592759714,
2,674.0,167,3096117.3266587406,0.3728137243279416,80.13677674134743,
3,659.0,168,11226903.320675567,0.6715063794884617,57.30706894992738,
4,,168,11226903.320675567,0.7591631312293157,38.06171083369681,23PA-LILLY
5,979.0,210,496338.3807844725,0.37609694218651385,29.77381473099399,
6,,210,496338.3807844725,0.3760969421895056,29.773814731241828,23BN-BRIR01
7,648.0,214,3972660.8138767993,0.531758370616559,2.2461149914604674,
8,351.0,221,2223809738.576981,0.46239942277214385,107.05061811104804,
9,352.0,221,2223809738.576981,0.3460676138667696,130.30194426119226,
10,671.0,221,2223809738.576981,0.02426736699878581,195.03688024509594,
11,673.0,221,2223809738.576981,0.04705993350447938,190.52089028895867,
12,1641.0,221,2223809738.576981,0.00644373164193114,198.7112536716138,
13,,221,2223809738.576981,0.014401553918429516,197.11968921631407,23BN-HILLS
14,,221,2223809738.576981,0.5771723252794417,64.49116235848805,23BN-VERMETTE
15,,221,2223809738.576981,0.031320830731846695,193.55790829588284,23BN-VOLD
16,,221,2223809738.576981,0.41365845311261457,116.79025406458258,23LX-LSZ001
17,,221,2223809738.576981,0.05503690030131052,188.9120345551703,23LX-PAWR03
18,643.0,248,11128614.075414518,0.4616217152264538,67.34333930831711,
19,,248,11128614.075414518,0.672146759117722,22.66154864531706,23LF-ROCKY
20,668.0,257,74892259.30558525,0.6562291384191526,67.1218415501331,
21,,257,74892259.30558525,0.8278846380201368,31.008248678960182,23BR-SAULTEAUX
22,982.0,258,4773893.294573773,0.7113561337574568,7.267539163370109,
23,,258,4773893.294573773,0.7113561337566748,7.267539163268827,23HB-DELTA
24,1021.0,270,471795.6504663401,0.32020592393370073,49.096666910008125,
25,,270,471795.6504663401,0.32020592393056746,49.09666690949604,23HB-FWDF01
26,981.0,290,3184806.109028107,0.8182622485750067,4.408862317099274,
27,,290,3184806.109028107,0.8182622485726193,4.408862316991263,23BN-LOCAL
28,668.0,319,172909.53592729432,0.0008952057503910374,198.15206460290312,
29,,319,172909.53592729432,0.00117108553062816,198.7415513823708,23BR-SAULTEAUX
30,980.0,333,1174179.2132086542,0.502801355940858,33.445073046795486,
31,,333,1174179.2132086542,0.5028013559430773,33.44507304731154,23HB-MUSKEG
32,982.0,334,394718.4670541409,0.11914811731206107,167.33701612429397,
33,,334,394718.4670541409,0.11914811731142012,167.33701612432438,23HB-DELTA
34,350.0,398,2142073936.625745,0.6934634467804994,60.330452016735016,
35,,398,2142073936.625745,0.000813639145193035,199.81370894632698,23LX-PELICAN
36,,398,2142073936.625745,0.9310912717042858,12.691355760725592,23LX-SHAW
37,651.0,438,23306433.93336074,0.6540929277069415,67.80128613392164,
38,,438,23306433.93336074,0.7819436461618124,42.02015058185181,23WY-MEYAK
39,657.0,467,5670916.618803014,0.6741390556526106,58.04922649360286,
40,,467,5670916.618803014,0.7048311713926477,36.682333565822695,23PA-SLIR03
41,983.0,480,4115773.250383935,0.48149503417257905,102.61263881433342,
42,,480,4115773.250383935,0.4814950341720025,102.61263881445466,23HB-CHIR02
43,349.0,488,7617925063.275103,0.7348903052469398,52.45066218650977,
44,,488,7617925063.275103,0.0016525251764611623,199.65665866007726,23LA-CHURCH
45,,488,7617925063.275103,0.6455929482971652,70.48338364146103,23LA-MCCRAE
46,,488,7617925063.275103,0.058197500417244426,188.3218669707248,23LX-ELLERAAS
47,,488,7617925063.275103,0.011050730439083284,197.78507506182058,23LX-HAULTAIN
48,,488,7617925063.275103,0.46047543269550617,107.73936483846802,23LX-SMITH
49,652.0,493,743500764.0949992,0.7350689840054024,51.183264312580945,
50,,493,743500764.0949992,0.8949130738892855,18.663819055728702,23LA-WISTIGO
51,615.0,501,52631008.296864435,0.8274378741021362,14.489148720683087,
52,,501,52631008.296864435,0.2017752525264032,148.55011891278102,23LA-COWIE
53,,501,52631008.296864435,0.8309536711313257,17.824447158968617,23LA-KOLWASKIE
54,632.0,510,13373117.821221314,0.8515415415091598,14.037727931504465,
55,,510,13373117.821221314,0.8613761260689794,14.84099590226697,23LA-DECEPTION
56,984.0,569,3586187.526127295,0.5834685982770658,13.090263934251311,
57,,569,3586187.526127295,0.5834685982776195,13.090263934150842,23BR-AIR04
58,,695,282289.3640964649,2.1563262562802477e-05,199.90091844031775,23BN-VERMETTE
59,655.0,763,504013781.1243912,0.8351820865740239,28.196490265403085,
60,,763,504013781.1243912,0.8699470498054653,21.300634074545773,23LX-BOLDING
61,625.0,771,70357671.1197142,0.7318707778625193,11.774301518672093,
62,,771,70357671.1197142,0.792941608494566,29.853704719953495,23DB-KPIR02
63,606.0,772,212287741.455752,0.8975616422277035,16.239500990375337,
64,,772,212287741.455752,0.9329110834267822,9.927260173627271,23SR-RIACH
65,607.0,775,98181718.29946409,0.7503587758120736,47.47208044644115,
66,,775,98181718.29946409,0.8363244610867376,31.55089796098193,23SR-KAY
67,641.0,797,186578404.19054845,0.7474633356232878,18.36510937623386,
68,,797,186578404.19054845,0.6298621861849988,43.34111458325444,23LA-SHARP
69,986.0,805,6542084.532192846,0.6226461385770024,74.4645394526659,
70,,805,6542084.532192846,0.622646138577046,74.46453945270119,23HB-CLEM
71,987.0,836,1282327.0451280547,0.7304041198209776,36.74436324267702,
72,,836,1282327.0451280547,0.7304041198230329,36.7443632427266,23SR-SINGER
73,641.0,900,226632.34699615976,0.0025541237342862674,199.41672851774183,
74,,900,226632.34699615976,0.00349256649716259,199.24670978088633,23LA-SHARP
75,625.0,902,744510.8229097218,0.016773634226116833,196.27299737088256,
76,,902,744510.8229097218,0.015488685959412994,196.89113440210616,23DB-KPIR02
77,987.0,909,381793.9168014033,0.007416934192371116,79.37657540686057,
78,,909,381793.9168014033,0.007416934191380483,79.37657540681734,23SR-SINGER
79,664.0,971,11287286.99306723,0.742155843590043,6.953131400436249,
80,661.0,972,257716965.21316034,0.6085171497382424,26.833174433785388,
81,,972,257716965.21316034,0.6920388532490833,47.11543631272833,23BN-SHAD
82,608.0,979,215243905.55264252,0.7780301929587236,34.806716274914955,
83,,979,215243905.55264252,0.30136699050283644,139.34059357310286,23SR-DEBUS
84,,979,215243905.55264252,0.46376496467759465,94.25987411564076,23SR-DEBUS2
85,,979,215243905.55264252,0.4868197969079013,101.97220782351467,23SR-JACKFISH
86,989.0,985,1711941.50115556,0.5241925891015643,63.81711324391579,
87,,985,1711941.50115556,0.5241925891006614,63.81711324371416,23LF-PLAKE
88,641.0,995,3279685.4141006414,0.018605111041521367,191.72186324782078,
89,,995,3279685.4141006414,0.04370854745091469,189.36855849315808,23LA-SHARP
90,162.0,996,4032354.52664225,0.35276782256282185,127.7187320925006,
91,988.0,997,2361495.4341998925,0.782819160393569,20.70994793897597,
92,,997,2361495.4341998925,0.7828191603919247,20.709947938907657,23BN-BNIR02
93,670.0,998,23265146.985039968,0.6308262668139195,19.778766703471433,
94,,998,23265146.985039968,0.7472937039967997,6.393803861285201,23BN-AARON
95,641.0,1006,184734.14216927526,0.0009190709187640051,199.52443147128872,
96,988.0,1027,282289.36416140356,0.08125639763875706,164.59590653233985,
97,,1027,282289.36416140356,0.08125639763892381,164.59590653231757,23BN-BNIR02
98,655.0,1030,113229.40071612189,0.0003440886617686073,199.88067700519042,
99,,1030,113229.40071612189,0.0002752802130167264,199.88874600213137,23LX-BOLDING
100,641.0,1044,487263.44174399023,0.00155918677704743,198.74805571064496,
101,641.0,1051,180535.73142158243,0.0017414768300428307,199.53522705053246,
102,660.0,1057,12476794.588255484,0.7850907376844467,24.772980388140688,
103,,1057,12476794.588255484,0.7868602099103092,26.356773003068852,23LX-CENTIPEDE
104,670.0,1062,282289.3642321313,0.02034615531798682,194.16757205885352,
105,,1062,282289.3642321313,0.01901035409559233,195.49851129149488,23BN-AARON
106,625.0,1072,112926.64392395828,0.0023947812637555685,199.43018810615806,
107,,1072,112926.64392395828,0.002369252221927683,199.5253207319259,23DB-KPIR02
108,670.0,1074,113229.40039500817,0.009194854334675056,197.63993926056048,
109,,1074,113229.40039500817,0.00898849695356993,198.182151055695,23BN-AARON
110,655.0,1075,209786.39486665974,0.0010531889164619788,199.77897988900207,
111,,1075,209786.39486665974,0.0009460693961091862,199.79392242133886,23LX-BOLDING
112,628.0,1131,644832079.6408118,0.8520464285165649,27.770482873902747,
113,,1131,644832079.6408118,0.9101920905305059,16.349054555469664,23LA-KENNY
114,634.0,1141,11902187.562049879,0.6912993118792976,55.00058327743279,
115,,1141,11902187.562049879,0.7400670468278849,41.467982415317124,23LA-GOW
116,990.0,1161,752156.9385429567,0.73868948966646,49.1006220440663,
117,,1161,752156.9385429567,0.7386894896618293,49.100622044497214,23LF-GRASSY
118,637.0,1205,231117964.07004505,0.7958043879010318,39.679739736593795,
119,,1205,231117964.07004505,0.8498710785336132,28.802900784944637,23LA-WAPA
120,606.0,1228,446352.5724692129,6.682063797305373e-05,199.0127599199793,
121,,1228,446352.5724692129,0.00018420360897969973,199.0732667092767,23SR-RIACH
122,640.0,1232,13945249.723031893,0.7133502779346599,2.902227507890061,
123,,1232,13945249.723031893,0.751706021500164,5.1181661954089925,23LA-SUTTLE
124,991.0,1249,948919.4152273972,0.6486627910154105,70.2674417969179,
125,,1249,948919.4152273972,0.6486627910156416,70.26744179687161,23LA-PINK
126,650.0,1285,60826815.85421531,0.8147217987758145,11.99607766986862,
127,,1285,60826815.85421531,0.9094025290405219,10.07510115189853,23LA-BLACK
128,647.0,1331,69345937.52615109,0.7345299669762898,38.214031111052954,
129,,1331,69345937.52615109,0.12463562211462954,168.83705754452816,23LA-ISLAND
130,,1331,69345937.52615109,0.7662076321084629,35.32397740713545,23LA-SHADD
131,663.0,1360,5316031.015715816,0.5168508673655057,5.094432718612124,
132,,1360,5316031.015715816,0.5708137564859292,8.407662880091985,23SR-MCCRADY
133,619.0,1371,20239349.07133207,0.760066688829325,37.814193252651194,
134,,1371,20239349.07133207,0.651345404994733,69.43934521507049,23SR-KILLOCK
135,,1371,20239349.07133207,0.3260414254204157,121.42924708664265,23SR-MANSON
136,610.0,1372,10835844.450826826,0.7333333641284742,31.965083847714837,
137,,1372,10835844.450826826,0.71613152686536,34.602416054289165,23SR-ANDERSON
138,649.0,1376,46764801.64294796,0.7779756489014772,24.400157783866348,
139,,1376,46764801.64294796,0.7981945772226707,18.67788471477656,23LX-TIMSON
140,612.0,1382,4021137.0324327643,0.7544684019172603,25.821463476153784,
141,,1382,4021137.0324327643,0.7743620925281502,29.81938157999167,23SR-KINGSTON
142,630.0,1387,881322.184074587,0.017354407740450876,195.77406457733903,
143,610.0,1402,280153.10693006864,0.036653234724503346,192.6462136155702,
144,,1402,280153.10693006864,0.03574987966012686,192.83948117537508,23SR-ANDERSON
145,610.0,1405,282289.36415829865,0.012430704543016254,192.5911772614623,
146,,1405,282289.36415829865,0.013153301004651948,192.78586467645425,23SR-ANDERSON
147,612.0,1406,76087.08985571211,0.02789932840207601,194.24614418710914,
148,,1406,76087.08985571211,0.027172440644065647,194.47283226365326,23SR-KINGSTON
149,610.0,1409,113229.40035795436,0.006480093840290223,196.9949043974524,
150,,1409,113229.40035795436,0.009708227766881981,197.07473389040857,23SR-ANDERSON
151,994.0,1412,2168378.45351716,0.5783723886052309,36.04984521048274,
152,,1412,2168378.45351716,0.5783723886017552,36.04984521071483,23DB-LIME
153,610.0,1414,179671.0683618571,0.02210085707373462,195.25247887680484,
154,,1414,179671.0683618571,0.022944647659433638,195.37805650966527,23SR-ANDERSON
155,638.0,1418,34038496.51947451,0.8068309853752537,22.70826096140177,
156,,1418,34038496.51947451,0.8460901658190874,13.308401101706902,23LA-HEPBURN
157,1022.0,1421,352177.7967415924,0.7038621661238538,59.22756677522928,
158,,1421,352177.7967415924,0.7038621661232081,59.2275667753583,23DN-PAWR01
159,627.0,1426,1246742.3871218604,0.6444130715290172,28.230668510310235,
160,,1426,1246742.3871218604,0.6383611580505382,69.71244535339606,23LA-MAY
161,630.0,1429,79460.2378554088,0.00039668436436968645,199.61529061484035,
162,647.0,1430,282289.3641132779,0.010168784099621249,197.61677702791184,
163,,1430,282289.3641132779,0.011566987530619662,197.68660249387605,23LA-SHADD
164,647.0,1431,113229.40039506367,0.002489913268996387,199.04063958282626,
165,,1431,113229.40039506367,0.003064859029182207,199.06884534409716,23LA-SHADD
166,999.0,1467,1034246.836316102,0.6525053368098064,45.14904516096773,
167,,1467,1034246.836316102,0.6525053368096889,45.149045161024844,23BN-DIGBY
168,999.0,1468,282289.36423219857,0.07477551064393614,79.30964480254677,
169,,1468,282289.36423219857,0.0747755106447841,79.30964480249607,23BN-DIGBY
170,661.0,1473,106165.46213274026,0.0006116547388796379,199.87424600081215,
171,,1473,106165.46213274026,0.00018847675574668708,199.89808142806518,23BN-SHAD
172,54.0,1474,98287125.06109047,0.8557966852032185,22.70010029303694,
173,,1474,98287125.06109047,0.8912596411352643,15.801155751661632,23SR-DORRELL
174,997.0,1485,113229.40045791012,0.26280640766027064,111.68295590551062,
175,,1485,113229.40045791012,0.26280640763974317,111.68295590508083,23DB-TWIGGE
176,661.0,1492,109103.77894574082,0.0006323824397416675,199.87076666109326,
177,,1492,109103.77894574082,0.00023633514637838192,199.89526139005537,23BN-SHAD
178,350.0,1503,113229.40045508252,0.00019703129160673636,199.96059374167868,
179,,1503,113229.40045508252,0.0001200385383943936,199.97599229232114,23LX-SHAW
180,661.0,1505,207708698.07263184,0.5357911693115276,47.635736156151474,
181,,1505,207708698.07263184,0.5816418963695769,66.91105137517361,23BN-SHAD
182,661.0,1508,65640.91738363962,0.0003819554311372482,199.9222383775986,
183,,1508,65640.91738363962,0.00013977484656948813,199.9369787579478,23BN-SHAD
184,1003.0,1524,230409.43512059172,0.07657283972776158,129.05798040937293,
185,,1524,230409.43512059172,0.07657283972621708,129.05798040969296,23HB-SUGGI
186,622.0,1529,70321366.74762192,0.8042652071834255,37.31254132462045,
187,,1529,70321366.74762192,0.9393303904841641,8.271208747427686,23LA-GERMAN
188,617.0,1532,11944831.016901989,0.6833287676328573,42.64895707965336,
189,,1532,11944831.016901989,0.7282669565323993,30.01593785140993,23SR-BENTLEY
190,670.0,1535,282289.3641474719,0.02916213969711421,194.16757206057713,
191,,1535,282289.3641474719,0.022507443535851643,195.49851129282965,23BN-AARON
192,616.0,1540,76995282.09027861,0.783817041804235,33.37558453221802,
193,,1540,76995282.09027861,0.8852075121113228,13.310032570152755,23SR-MESSUM
194,633.0,1541,180998044.0027987,0.8964543200522372,15.821594685376128,
195,,1541,180998044.0027987,0.9346630971218133,8.767172830800787,23SR-SEGUIN
196,666.0,1550,12963138.25693209,0.42029315390108657,114.05493451136522,
197,,1550,12963138.25693209,0.4734784160268851,103.66853465077122,23BN-PARKER
198,1000.0,1554,2469506.740723557,0.540725178490989,83.66474528787481,
199,,1554,2469506.740723557,0.5407251784902954,83.66474528835383,23LA-FRIDAY
200,1001.0,1555,712564.1620877637,0.7408940324335863,38.308631452430156,
201,,1555,712564.1620877637,0.7408940324379141,38.308631453079684,23LA-HAWK
202,644.0,1556,4971690.490943297,0.5200061128925497,25.681804337438596,
203,,1556,4971690.490943297,0.4996111924651443,23.907478465807323,23LA-NICOLE
204,609.0,1559,5584071.693902211,0.8680901644536855,3.6655297719879547,
205,,1559,5584071.693902211,0.9119854551779307,3.53002943581962,23SR-ZANGE
206,642.0,1561,121733103.97185259,0.619206381283419,74.19933453857229,
207,,1561,121733103.97185259,0.8681350958698169,23.547858683630544,23LA-PELT
208,54.0,1564,4370401.347623389,0.026317626485939685,178.84107161878177,
209,,1564,4370401.347623389,0.0346116023655357,180.1939983127138,23SR-DORRELL
210,635.0,1566,116285870.69508101,0.7678807072639776,42.76973959609982,
211,,1566,116285870.69508101,0.8864755506085795,19.19123730433204,23LA-POOLE
212,646.0,1568,83973389.47141734,0.7897047821019841,39.92637139658743,
213,,1568,83973389.47141734,0.8669580580393379,14.416382827491713,23SR-TODOS
214,626.0,1574,90691353.89507227,0.7986487034811107,38.33872131287507,
215,,1574,90691353.89507227,0.9004205219914093,14.514892354747765,23LA-BAY
216,653.0,1582,15496266.609053282,0.79653294507632,9.969153138434402,
217,,1582,15496266.609053282,0.826086982738018,5.043276719591111,23LX-CREE
218,654.0,1586,54149719.01323954,0.7698482283038991,31.804496463367784,
219,,1586,54149719.01323954,0.8226245919865424,21.072074699387,23SR-HELMER
220,1005.0,1590,607827.659094595,0.5368949081169672,44.803491496343426,
221,,1590,607827.659094595,0.5368949081215523,44.80349149625493,23BN-GOLD
222,636.0,1595,3087137.411073594,0.1173753784883525,165.44090230431073,
223,,1595,3087137.411073594,0.10423163352275834,172.58072191162012,23LA-BRAD
224,163.0,1602,2181610.0834190715,0.865174579234368,20.654943791474217,
225,631.0,1613,21671691.23253628,0.7117709919161275,55.637553423606334,
226,,1613,21671691.23253628,0.8664762453932648,25.507913145154763,23DB-TRAILL
227,624.0,1623,155118902.86876127,0.7007883031965635,39.04598762321652,
228,,1623,155118902.86876127,0.7607892906346195,27.60241244183846,23SR-HAMIL
229,1004.0,1625,1335821.8069390187,0.6320358329629632,7.523421142494439,
230,,1625,1335821.8069390187,0.6320358329617964,7.523421142550737,23LX-KEELEY
231,629.0,1627,44206916.947396584,0.728406539793587,43.30068674993275,
232,,1627,44206916.947396584,0.7552110940827726,34.756413112743466,23SR-EISEN
233,,1627,44206916.947396584,0.11256972948137763,177.44418927280847,23SR-EISEN2
234,647.0,1636,113229.40056041392,0.004796802092856541,199.04063958142868,
235,,1636,113229.40056041392,0.037918514485852706,192.41629710282947,23LA-ISLAND
236,639.0,1639,3379245.0444770614,0.7697199544487843,20.352757470688832,
237,,1639,3379245.0444770614,0.8020760078857059,30.273601246908726,23SR-PREMIER
238,614.0,1652,144197.51440543254,0.011150798559020902,197.44396232006977,
239,,1652,144197.51440543254,0.00996811627638283,197.83126363914323,23LA-BED
240,1004.0,1662,113229.40055403799,0.0069077125101970815,166.5050121178182,
241,,1662,113229.40055403799,0.006907712510160763,166.5050121178009,23LX-KEELEY
242,629.0,1681,706038.0328449582,0.036373506520122285,190.32087955853973,
243,,1681,706038.0328449582,0.03503023874421822,191.1254408976762,23SR-EISEN
244,620.0,1685,10052428.711190937,0.6358743119101395,22.459067086492983,
245,,1685,10052428.711190937,0.8562199741926247,0.6467897127746103,23LA-MULLIN
246,665.0,1698,91925124.35939851,0.7916177804064654,34.48671929289554,
247,,1698,91925124.35939851,0.3664012156711471,113.28305871281417,23BN-BENT
248,,1698,91925124.35939851,0.6641202409501402,66.21692341992804,23BN-BROAD
249,629.0,1709,113229.40057283554,0.005656130882032035,198.41553922994873,
250,,1709,113229.40057283554,0.0056357249817980334,198.54974501187525,23SR-EISEN
251,,1727,90985.91896245051,0.0002806719090849006,199.1713081713005,23SR-HELMER
252,,1734,78606.04380432761,3.149312015100639e-07,199.62556241722115,23SR-DORRELL
253,616.0,1739,94451.08460362007,0.0030053658789524025,199.31392109555944,
254,,1739,94451.08460362007,0.002717789254388664,199.44013304524967,23SR-MESSUM
255,617.0,1740,339696.77933982183,0.04509790701071341,183.19494293821498,
256,,1740,339696.77933982183,0.042337740163205156,185.1774804074834,23SR-BENTLEY
257,618.0,1741,113229.40044138813,0.005978133272604602,198.625853055992,
258,,1741,113229.40044138813,0.00585877124345712,198.78991911004505,23SR-PHELPS
259,613.0,1743,7013703.543208475,0.7226314060011909,35.4224094494484,
260,,1743,7013703.543208475,0.028955747779625483,194.18502627803406,23DB-KAMATSI
261,,1743,7013703.543208475,0.783654137188544,0.7880165211360255,23DB-LAIRD
262,2143.0,1760,7454541.728563634,0.6841060482631616,43.41203010217554,
263,1010.0,1764,990048.5170925754,0.5369075325533793,87.03685960408113,
264,,1764,990048.5170925754,0.5369075325515004,87.03685960419709,23LX-ERIR04
265,620.0,1778,615871.7191446848,0.08891708146014557,181.35357953639408,
266,,1778,615871.7191446848,0.22459308340532208,155.0106104422741,23LA-CAIRNS
267,614.0,1780,24782786.47930746,0.7733572839659156,10.004137701348228,
268,,1780,24782786.47930746,0.8447017229925506,6.513962103837076,23LA-BED
269,620.0,1787,4650738.190011981,0.3174088499218471,92.13457915567072,
270,,1787,4650738.190011981,0.6606144973991644,4.397137354368767,23LA-CAIRNS
271,614.0,1796,1001336.2130052507,0.016102316532034713,182.89989627348473,
272,,1796,1001336.2130052507,0.015106119947126712,185.41007487566915,23LA-BED
273,1011.0,1807,656885.4983921553,0.7456054616142889,6.172356592331633,
274,,1807,656885.4983921553,0.7456054616179977,6.172356592709631,23SR-MAX
275,1011.0,1814,273513.12840075657,0.13624808542590922,77.21997017886515,
276,,1814,273513.12840075657,0.13624808542405178,77.2199701785432,23SR-MAX
277,665.0,1829,1418804.6489534213,0.01526435569537087,191.44067085695693,
278,,1829,1418804.6489534213,0.040854956217949955,178.8740523462636,23BN-BENT
279,667.0,1839,3323781.8875057176,0.807558223989525,8.206143016847065,
280,134.0,1848,3121223.136696024,0.582160771468892,79.78694515971776,
281,,1862,543821.38452377,0.004953327306236501,197.24515350231653,23LA-BAY
282,636.0,1867,46510571.63215156,0.7171909933293797,35.03505102798667,
283,,1867,46510571.63215156,0.8473098917042514,10.313643566383897,23LA-BRAD
284,1016.0,1886,2399489.749937469,0.6686196395274582,44.70662793764801,
285,,1886,2399489.749937469,0.6686196395298009,44.70662793761109,23LF-BAIRD
286,1020.0,1920,113229.40052333019,0.25939635611345463,132.03623605088305,
287,,1920,113229.40052333019,0.2593963561105505,132.036236051259,23LA-KEY
288,1020.0,1929,1388845.0217052023,0.30155303087996965,86.06105069285981,
289,,1929,1388845.0217052023,0.3015530308848939,86.06105069231677,23LA-KEY
290,669.0,1946,15561054.16083291,0.5016812641107237,97.31780357721227,
291,,1946,15561054.16083291,0.9030271418669576,14.265222781459888,23BN-LINVALL
292,1014.0,1947,3267797.340009728,0.8491166597372746,19.42087216994099,
293,,1947,3267797.340009728,0.8491166597354856,19.420872170041502,23LA-LEPP
294,,1949,282289.36412377155,0.001770432446000167,198.56524924654047,23LA-BAY
295,621.0,1951,7645947.872893861,0.6275693302564456,74.43467578276281,
296,,1951,7645947.872893861,0.905845486530975,18.52340908879822,23DB-DEER
297,672.0,1952,11202626.972522888,0.6479491829997837,53.84169198560813,
298,,1952,11202626.972522888,0.8225120857072831,19.589561614538013,23BN-GARSON
299,645.0,1953,81796221.35230164,0.7854366473469182,40.504410034820474,
300,,1953,81796221.35230164,0.8960052692731281,14.016983613259448,23LA-MCTAVISH
301,1018.0,1956,452462.17916903034,0.15065978836591887,167.7356455812252,
302,,1956,452462.17916903034,0.1506597883631617,167.7356455815902,23DB-PNIR29
303,623.0,1963,5937272.031470501,0.6380015907987255,59.17998705040037,
304,,1963,5937272.031470501,0.6406917843528058,57.984127451703,23LA-ERROL
305,1012.0,1968,2241597.878444268,0.9346887570790178,4.279159995789512,
306,,1968,2241597.878444268,0.9346887570784062,4.279159995869612,23SR-LLHIR03
307,656.0,1974,4488573.332306569,0.6206250357697956,58.72268142946482,
308,,1974,4488573.332306569,0.8044958477424828,35.09233585647005,23LA-HARDY
309,,1981,282289.36409937695,0.011686128239782986,191.80065581418538,23BN-LINVALL
310,,1989,361739.89427911176,0.0005837244657313979,198.77227157226966,23SR-HAMIL
311,1019.0,2029,787314.5699928356,0.3205716778144719,133.1927395969361,
312,,2029,787314.5699928356,0.320571677812934,133.19273959709514,23PA-FOX
313,1013.0,2037,80026.60512951162,0.12339380802187848,46.86394518404725,
314,,2037,80026.60512951162,0.12339380801297133,46.86394518437254,23LA-ROBERTS
315,1017.0,2053,616996.4411804244,0.8210658150770825,35.47032408955182,
316,,2053,616996.4411804244,0.8210658150757272,35.47032408997061,23LA-WILMA
317,54.0,,,0.9479838200972656,6.961368493659201,23SR-DORRELL
318,349.0,,,0.002207578044096736,199.41291579189573,23LA-CHURCH
319,349.0,,,0.641684083875826,19.86907071522422,23LA-MCCRAE
320,349.0,,,0.07925919619150906,180.42551015241006,23LX-ELLERAAS
321,349.0,,,0.016278792483719582,196.2252178653405,23LX-HAULTAIN
322,349.0,,,0.46994237439055875,64.38464503628873,23LX-SMITH
323,350.0,,,0.001284104182595786,199.65291124503497,23LX-PELICAN
324,350.0,,,0.7551913371604523,48.568794324843005,23LX-SHAW
325,351.0,,,2.433638266643959e-05,190.64037332123917,23BN-HILLS
326,351.0,,,0.7375232286803557,51.43730086150834,23BN-VERMETTE
327,352.0,,,0.8588202097626243,21.808875242614175,23LX-LSZ001
328,606.0,,,0.9546560236885169,6.3377842661793125,23SR-RIACH
329,607.0,,,0.9020798837127936,16.540537437433763,23SR-KAY
330,608.0,,,0.3324136882890857,118.9574317109526,23SR-DEBUS
331,608.0,,,0.5168909687403656,64.76533477774329,23SR-DEBUS2
332,608.0,,,0.5411097141479176,73.70560694167496,23SR-JACKFISH
333,609.0,,,0.9436704013208295,7.1932323000229985,23SR-ZANGE
334,610.0,,,0.9536845895257174,2.7123328988514097,23SR-ANDERSON
335,611.0,,,0.91497990472768,14.265939146026085,23LA-KINO
336,612.0,,,0.951668163775685,4.07638651340068,23SR-KINGSTON
337,613.0,,,0.041329799342888614,191.73361600825905,23DB-KAMATSI
338,613.0,,,0.7928349576417907,34.65857893575113,23DB-LAIRD
339,614.0,,,0.9013564110606077,16.49123287654964,23LA-BED
340,615.0,,,0.26062392499035114,141.68491041633072,23LA-COWIE
341,615.0,,,0.8471036103655081,3.356972822758038,23LA-KOLWASKIE
342,616.0,,,0.8845612466575282,20.290897658170472,23SR-MESSUM
343,617.0,,,0.9226066619232278,13.05068973246578,23SR-BENTLEY
344,618.0,,,0.9215894020880799,12.738474487113042,23SR-PHELPS
345,619.0,,,0.760617915539321,33.84703446365084,23SR-KILLOCK
346,619.0,,,0.47992430038541445,94.45827061205594,23SR-MANSON
347,620.0,,,0.4799010258613173,88.63515728687644,23LA-CAIRNS
348,620.0,,,0.7334141132107456,23.09746878397211,23LA-MULLIN
349,621.0,,,0.7056250903265705,57.90730837833704,23DB-DEER
350,622.0,,,0.8404698755289273,29.26714308665352,23LA-GERMAN
351,623.0,,,0.9501146915596863,1.3080761812056476,23LA-ERROL
352,624.0,,,0.9129955687942848,11.760449755267885,23SR-HAMIL
353,625.0,,,0.9032702996040414,18.23968742799888,23DB-KPIR02
354,626.0,,,0.8368389309175986,24.159943550170407,23LA-BAY
355,627.0,,,0.4899937450324548,93.35021572111359,23LA-MAY
356,628.0,,,0.9260300680146707,11.552555933672405,23LA-KENNY
357,629.0,,,0.8602658686188039,8.87831503704321,23SR-EISEN
358,629.0,,,0.15915605729101137,166.03693690968112,23SR-EISEN2
359,630.0,,,0.920172865121969,3.3794398254666347,23SR-SOMER
360,631.0,,,0.8013365153387848,31.237961497017963,23DB-TRAILL
361,632.0,,,0.9433241207461437,0.8074735729748291,23LA-DECEPTION
362,633.0,,,0.945730874793536,7.078970068961719,23SR-SEGUIN
363,634.0,,,0.9036608818102337,14.350874532388158,23LA-GOW
364,635.0,,,0.844298465586351,24.072471957198918,23LA-POOLE
365,636.0,,,0.8457773696359382,24.94676344335659,23LA-BRAD
366,637.0,,,0.9022981616807447,11.196755910487836,23LA-WAPA
367,638.0,,,0.928616415160504,9.471418950493758,23LA-HEPBURN
368,639.0,,,0.921416466026553,10.076053097509496,23SR-PREMIER
369,640.0,,,0.9289453539138677,8.017416419131337,23LA-SUTTLE
370,641.0,,,0.735586850864317,25.483096081631096,23LA-SHARP
371,642.0,,,0.6580262274613187,52.965035539815986,23LA-PELT
372,643.0,,,0.7615514610975416,46.4541371954721,23LF-ROCKY
373,644.0,,,0.8985893985870657,1.801985775942979,23LA-NICOLE
374,645.0,,,0.8492902758790736,26.868795148759013,23LA-MCTAVISH
375,646.0,,,0.8577436101176406,25.882432800889653,23SR-TODOS
376,647.0,,,0.1791283799479042,155.74437893114862,23LA-ISLAND
377,647.0,,,0.7871466186082466,2.9909900136777625,23LA-SHADD
378,649.0,,,0.9642768436055866,5.78822165497991,23LX-TIMSON
379,650.0,,,0.8838464689851612,22.004690715798013,23LA-BLACK
380,651.0,,,0.843146580564779,27.758229503107707,23WY-MEYAK
381,652.0,,,0.8191638994032288,33.31507179005064,23LA-WISTIGO
382,653.0,,,0.9556866969932261,4.932075692489092,23LX-CREE
383,654.0,,,0.9372547692886841,10.91530406107648,23SR-HELMER
384,655.0,,,0.9410658113034931,7.000976397778875,23LX-BOLDING
385,656.0,,,0.6714897997613175,24.913855105767947,23LA-HARDY
386,657.0,,,0.8592964634081124,22.568306029815247,23PA-SLIR03
387,659.0,,,0.8844708077080143,20.35533724493733,23PA-LILLY
388,660.0,,,0.9549480514298097,1.6100744977678554,23LX-CENTIPEDE
389,661.0,,,0.8354232141258985,20.94423409708291,23BN-SHAD
390,663.0,,,0.9197599809262939,13.4876529279417,23SR-MCCRADY
391,665.0,,,0.4667038681451591,87.32531820861801,23BN-BENT
392,665.0,,,0.7396058264911645,33.65136425650589,23BN-BROAD
393,666.0,,,0.9060954427413194,14.744982852793415,23BN-PARKER
394,668.0,,,0.8017193989020295,38.095844173678486,23BR-SAULTEAUX
395,669.0,,,0.5504951830257083,86.03868265501985,23BN-LINVALL
396,670.0,,,0.8647949814491015,26.0900857444755,23BN-AARON
397,671.0,,,0.8630401999469067,26.30371364412816,23BN-VOLD
398,672.0,,,0.6542019068102045,35.17976369807324,23BN-GARSON
399,673.0,,,0.8757652516238776,16.05519868794297,23LX-PAWR03
400,979.0,,,0.9999999999870562,2.53451527568044e-10,23BN-BRIR01
401,980.0,,,0.9999999999817994,5.30897642986184e-10,23HB-MUSKEG
402,981.0,,,1.0000000000005338,1.0806345623999653e-10,23BN-LOCAL
403,982.0,,,0.9999999999994933,1.014169378005903e-10,23HB-DELTA
404,983.0,,,0.999999999991489,1.6454906091045562e-10,23HB-CHIR02
405,984.0,,,0.9999999999928495,1.0090168148914915e-10,23BR-AIR04
406,985.0,,,0.9999999999677718,1.6477293116692204e-09,23LF-CREEK
407,986.0,,,0.9999999999954141,4.097553794086085e-11,23HB-CLEM
408,987.0,,,1.0000000000002562,5.1304234179872306e-11,23SR-SINGER
409,988.0,,,0.9999999999950114,6.905503218928799e-11,23BN-BNIR02
410,989.0,,,0.9999999999988767,2.2447668547601246e-10,23LF-PLAKE
411,990.0,,,0.999999999983013,4.585438808418175e-10,23LF-GRASSY
412,991.0,,,0.9999999999877727,5.278989019746001e-11,23LA-PINK
413,992.0,,,0.9999999997880448,1.0190960605973466e-09,23DB-JAN
414,993.0,,,0.9999999999563309,5.880986493188047e-10,23LA-MCKENNA
415,994.0,,,0.9999999999875717,2.3988589053483614e-10,23DB-LIME
416,995.0,,,0.9999999999215538,8.773606461796999e-11,23DB-HAMMELL
417,996.0,,,0.9999999999886315,2.2736939124318143e-09,23DB-AMISK
418,997.0,,,0.9999999999434153,6.244991866528171e-10,23DB-TWIGGE
419,998.0,,,0.999999999901111,1.552524627415219e-10,23DB-PINEY
420,999.0,,,0.9999999999897475,6.017738630529406e-11,23BN-DIGBY
421,1000.0,,,0.9999999999869478,5.806153460792342e-10,23LA-FRIDAY
422,1001.0,,,1.0000000000033715,6.742732160720518e-10,23LA-HAWK
423,1002.0,,,0.9999999999374003,3.4777353064413127e-10,23LA-SUTH
424,1003.0,,,0.999999999967695,5.483817856820384e-10,23HB-SUGGI
425,1004.0,,,0.9999999999911636,5.637701690281517e-11,23LX-KEELEY
426,1005.0,,,0.9999999999920159,9.317852218463532e-11,23BN-GOLD
427,1006.0,,,0.9999999999649528,2.2034958413127174e-10,23DB-KPIR03
428,1007.0,,,0.9999999998655101,5.230732295861873e-09,23WY-JACKO
429,1008.0,,,0.9999999999455074,1.008975690545833e-09,23WY-JUNCTION
430,1009.0,,,0.9999999999686326,2.1379420720585627e-09,23SF-NICOLLE
431,1010.0,,,0.9999999999871334,1.4305687034467477e-10,23LX-ERIR04
432,1011.0,,,0.9999999999900158,3.783591134151419e-10,23SR-MAX
433,1012.0,,,0.9999999999932309,8.013668671733575e-11,23SR-LLHIR03
434,1013.0,,,0.9999999999670057,3.441831109578368e-10,23LA-ROBERTS
435,1014.0,,,0.9999999999901314,1.0146657975643672e-10,23LA-LEPP
436,1015.0,,,0.9999999999722707,8.743894658582524e-11,23DB-ISLAND
437,1016.0,,,0.9999999999936512,3.886776766117962e-11,23LF-BAIRD
438,1017.0,,,0.9999999999880111,4.3239291194182006e-10,23LA-WILMA
439,1018.0,,,0.9999999999419746,1.230594304755497e-09,23DB-PNIR29
440,1019.0,,,0.9999999999689572,2.8589167997402986e-10,23PA-FOX
441,1020.0,,,0.9999999999876851,6.664227247211441e-10,23LA-KEY
442,1021.0,,,0.999999999982792,5.449194574711962e-10,23HB-FWDF01
443,1022.0,,,1.0000000000007074,1.4141897422594142e-10,23DN-PAWR01
444,1023.0,,,0.9999999996566996,7.305855741604593e-09,23WY-NIP
445,1641.0,,,0.6053928549597916,76.69271381472927,23BN-HILLS
